CustomerID,Recency_Days,Frequency,Monetary_Value,Loan_Amount,Credit_Score,Age,Label_LoanDefault
CUST00001,33,40,8793,39012,474,30,1
CUST00002,282,37,714,33756,763,20,0
CUST00003,239,28,4035,46531,319,56,0
CUST00004,160,44,4636,48049,545,60,1
CUST00005,158,7,7999,35392,740,65,0
CUST00006,313,46,1377,18860,824,76,0
CUST00007,32,42,4397,30153,438,48,1
CUST00008,254,25,1608,21541,657,69,1
CUST00009,74,36,7897,31640,404,62,1
CUST00010,35,26,6359,40700,363,35,1
CUST00011,192,14,5017,18781,494,70,1
CUST00012,356,40,3989,25535,786,21,0
CUST00013,268,13,1616,2759,679,55,0
CUST00014,278,16,9226,36960,569,76,1
CUST00015,262,26,6511,24747,455,58,1
CUST00016,287,42,3259,23255,377,76,1
CUST00017,187,19,4197,26855,448,21,1
CUST00018,47,25,7289,11167,383,51,1
CUST00019,306,3,7223,30099,402,66,1
CUST00020,164,6,4664,37387,678,57,0
CUST00021,183,3,3098,17808,372,72,1
CUST00022,135,4,6633,6992,326,46,1
CUST00023,67,43,6616,19648,598,60,1
CUST00024,338,42,6036,10329,457,44,0
CUST00025,285,41,821,19009,550,72,0
CUST00026,235,3,4780,31527,376,25,0
CUST00027,147,4,6177,6113,415,33,1
CUST00028,300,14,9505,37489,542,23,0
CUST00029,199,28,5303,11618,679,61,0
CUST00030,162,17,3492,44787,527,32,0
CUST00031,164,24,5602,36755,597,37,1
CUST00032,83,9,1854,13993,587,69,1
CUST00033,34,36,997,28379,447,40,1
CUST00034,202,16,6813,5980,453,27,1
CUST00035,324,4,9863,5437,534,19,1
CUST00036,24,37,8475,47824,317,32,1
CUST00037,313,45,5878,40220,676,74,1
CUST00038,302,1,498,8143,637,52,0
CUST00039,101,22,9880,14493,468,79,1
CUST00040,230,41,4551,10284,505,31,0
CUST00041,61,35,2967,20060,480,39,1
CUST00042,276,42,8935,14920,658,28,0
CUST00043,255,21,7489,16739,717,42,1
CUST00044,130,19,7521,26704,359,52,0
CUST00045,25,35,2849,9858,527,68,1
CUST00046,354,8,9918,44199,307,40,1
CUST00047,163,12,4583,36518,548,65,1
CUST00048,326,30,5360,38147,436,56,1
CUST00049,247,33,7534,8889,484,36,1
CUST00050,284,6,6633,35553,551,74,0
CUST00051,277,25,1805,41894,478,44,0
CUST00052,71,18,3094,9171,516,27,0
CUST00053,133,25,3675,37688,720,77,0
CUST00054,170,47,9480,18205,745,74,0
CUST00055,182,4,7173,39485,303,21,1
CUST00056,16,49,3726,24181,507,73,0
CUST00057,199,23,7373,40209,765,76,0
CUST00058,57,38,7411,7797,591,69,0
CUST00059,271,21,4002,19759,412,33,1
CUST00060,249,16,4091,14034,626,57,0
CUST00061,336,38,8953,12794,379,51,0
CUST00062,272,34,5662,15762,312,56,1
CUST00063,134,8,1580,19430,647,56,1
CUST00064,353,35,7225,6800,583,57,0
CUST00065,150,37,5936,35500,716,49,1
CUST00066,119,20,5138,27736,489,60,0
CUST00067,330,46,7278,41548,769,50,0
CUST00068,135,32,9080,35398,531,19,0
CUST00069,28,17,3371,7877,705,20,0
CUST00070,171,1,4251,3961,355,77,1
CUST00071,290,34,1976,21429,353,74,1
CUST00072,69,11,6506,24315,730,54,0
CUST00073,169,38,4086,12392,758,28,0
CUST00074,48,26,3489,39219,818,66,0
CUST00075,250,23,6995,29288,478,26,1
CUST00076,174,9,4140,37525,312,41,1
CUST00077,121,35,4697,5896,838,38,0
CUST00078,83,9,4456,40846,630,18,0
CUST00079,206,21,2659,10701,435,68,1
CUST00080,244,41,1345,22687,720,49,0
CUST00081,343,46,8289,22248,797,37,0
CUST00082,160,49,1008,41117,456,49,1
CUST00083,59,47,3316,14203,723,18,0
CUST00084,304,28,6708,12417,733,45,0
CUST00085,230,10,1399,17311,575,50,1
CUST00086,255,42,6589,18360,647,39,0
CUST00087,36,40,7357,9493,448,69,1
CUST00088,114,49,6662,9229,811,33,0
CUST00089,280,32,3119,11951,840,26,0
CUST00090,303,7,295,23640,839,50,0
CUST00091,159,25,8884,17496,705,73,1
CUST00092,293,22,3332,19906,323,41,1
CUST00093,307,42,8069,36093,501,20,0
CUST00094,142,20,2058,12425,544,78,1
CUST00095,327,17,1707,45539,827,45,0
CUST00096,105,4,7803,37713,600,28,1
CUST00097,88,41,9403,9147,594,56,0
CUST00098,249,38,8620,16035,380,37,1
CUST00099,232,3,7537,9585,736,76,0
CUST00100,51,22,2542,14003,484,36,0
CUST00101,304,24,9140,18592,350,52,1
CUST00102,73,23,6711,6979,843,51,0
CUST00103,293,46,1804,1214,404,33,1
CUST00104,3,8,1380,22221,308,48,1
CUST00105,291,16,8724,35199,342,24,1
CUST00106,287,9,2824,15496,548,57,1
CUST00107,285,12,7682,43092,356,65,1
CUST00108,243,45,1472,18779,763,76,0
CUST00109,172,47,2877,45089,581,38,0
CUST00110,257,3,2906,12181,478,35,1
CUST00111,101,31,2882,27197,301,52,1
CUST00112,285,12,6779,38276,563,60,0
CUST00113,203,10,9152,3422,383,79,1
CUST00114,168,15,9112,46535,837,19,0
CUST00115,185,10,7441,18565,460,32,0
CUST00116,208,25,2104,25147,561,34,1
CUST00117,14,49,9609,31607,310,33,1
CUST00118,51,29,5466,32328,372,46,1
CUST00119,90,36,5505,1671,414,72,1
CUST00120,42,25,7043,43425,328,19,1
CUST00121,161,1,7714,31368,699,68,0
CUST00122,244,5,9533,49942,819,56,0
CUST00123,239,14,5865,23839,841,56,0
CUST00124,172,12,6139,30869,446,60,1
CUST00125,312,42,7480,22332,733,25,0
CUST00126,206,42,2625,44544,577,64,1
CUST00127,29,42,3146,41703,325,33,1
CUST00128,279,32,6292,45476,349,50,1
CUST00129,210,28,734,25461,601,59,0
CUST00130,232,32,3272,39676,533,55,0
CUST00131,206,20,7208,18260,304,38,1
CUST00132,202,33,9763,23316,811,42,0
CUST00133,33,39,5243,38130,701,47,0
CUST00134,204,38,4056,4517,576,20,0
CUST00135,290,31,4459,35669,842,63,0
CUST00136,111,3,6885,1282,834,24,1
CUST00137,220,36,5490,29242,835,46,0
CUST00138,12,18,329,24121,442,58,0
CUST00139,127,37,5438,23699,784,22,0
CUST00140,159,27,4060,24968,577,79,0
CUST00141,358,44,7037,24850,699,41,0
CUST00142,79,17,8763,20664,772,18,0
CUST00143,101,46,9628,22842,389,58,1
CUST00144,149,42,6141,28624,546,52,1
CUST00145,362,17,3689,38291,370,57,1
CUST00146,311,24,4495,27832,453,64,1
CUST00147,13,27,1846,32304,527,47,1
CUST00148,86,38,9365,41912,770,69,0
CUST00149,300,34,8488,49480,774,40,0
CUST00150,22,42,8554,5878,514,51,1
CUST00151,312,19,3348,35789,481,27,1
CUST00152,103,25,3289,11646,591,56,0
CUST00153,335,22,8580,10240,801,34,0
CUST00154,107,45,5491,39753,837,61,0
CUST00155,159,15,7076,3900,424,67,1
CUST00156,241,29,4949,42467,402,71,1
CUST00157,46,6,4483,38641,688,75,0
CUST00158,203,42,6358,49743,465,25,1
CUST00159,184,19,8148,33563,409,26,1
CUST00160,286,17,3407,43709,317,75,1
CUST00161,363,29,8110,6367,521,41,1
CUST00162,242,25,2517,44550,515,19,1
CUST00163,149,42,4087,8436,609,35,0
CUST00164,148,27,9135,16060,410,69,1
CUST00165,153,26,9549,6845,692,40,0
CUST00166,297,6,9246,20382,674,22,1
CUST00167,117,2,3228,37575,554,62,1
CUST00168,61,20,8448,13770,399,30,1
CUST00169,122,49,9367,41198,578,39,0
CUST00170,9,45,9784,30511,671,18,0
CUST00171,39,31,306,31631,504,55,0
CUST00172,33,31,7475,46970,444,45,1
CUST00173,281,20,9967,21876,578,71,0
CUST00174,263,9,7670,17559,495,38,1
CUST00175,254,1,2408,49730,520,30,0
CUST00176,169,17,7649,28071,491,28,0
CUST00177,262,16,1141,30922,466,30,1
CUST00178,59,10,4858,15166,694,45,0
CUST00179,328,13,6299,11164,553,23,0
CUST00180,183,2,4618,8905,556,42,0
CUST00181,342,30,7028,11566,659,70,0
CUST00182,56,46,2478,10161,498,65,1
CUST00183,182,34,6101,37462,355,57,1
CUST00184,254,22,6483,3368,768,73,0
CUST00185,181,21,6374,31654,330,66,0
CUST00186,163,16,2964,47490,614,58,0
CUST00187,61,7,3123,38394,446,71,1
CUST00188,139,30,2652,20442,417,25,1
CUST00189,87,28,4671,3440,323,68,1
CUST00190,110,1,5901,41788,795,36,0
CUST00191,249,21,3689,655,536,63,1
CUST00192,230,14,4158,34225,488,74,0
CUST00193,222,9,2935,33711,707,48,0
CUST00194,132,35,2266,10000,321,23,1
CUST00195,350,26,6608,37123,610,40,1
CUST00196,32,32,8178,9185,572,43,0
CUST00197,125,35,2977,11669,604,76,1
CUST00198,43,49,8619,40693,368,76,0
CUST00199,124,40,5752,48966,823,53,0
CUST00200,351,31,1760,13603,431,76,1
CUST00201,134,44,3723,46106,673,45,1
CUST00202,331,24,174,45707,710,43,0
CUST00203,181,49,487,38585,489,69,1
CUST00204,255,38,3427,7432,371,59,1
CUST00205,167,32,4599,15321,463,50,1
CUST00206,97,45,7995,34046,743,46,0
CUST00207,279,26,1429,49961,798,61,0
CUST00208,353,36,8407,40816,815,64,0
CUST00209,96,14,2421,21303,424,48,1
CUST00210,284,48,1469,12145,633,19,1
CUST00211,96,31,7028,48036,383,24,1
CUST00212,261,39,7765,14172,690,26,0
CUST00213,288,23,6088,17439,528,46,1
CUST00214,164,43,1245,48243,692,56,1
CUST00215,269,4,1241,28302,676,67,0
CUST00216,100,6,3961,13597,846,32,0
CUST00217,29,25,4560,764,568,66,0
CUST00218,36,36,9986,21782,487,59,1
CUST00219,163,40,2936,49307,589,21,0
CUST00220,329,22,2006,21909,389,39,1
CUST00221,47,32,9464,35126,361,36,1
CUST00222,166,28,1624,13025,585,72,1
CUST00223,257,48,361,38892,753,75,0
CUST00224,74,33,4285,38901,593,68,1
CUST00225,263,21,4070,30610,730,50,0
CUST00226,112,48,6234,38706,397,48,1
CUST00227,295,6,8789,29151,547,37,0
CUST00228,211,49,9335,19226,637,65,1
CUST00229,200,8,2967,37025,491,23,1
CUST00230,65,15,9810,41838,307,34,1
CUST00231,169,41,6363,42132,340,26,0
CUST00232,312,36,789,11047,810,48,1
CUST00233,8,48,9390,33991,632,36,0
CUST00234,277,37,1466,713,445,30,0
CUST00235,180,32,5927,28813,442,41,1
CUST00236,262,17,7928,28772,321,71,1
CUST00237,242,1,2569,18493,819,52,0
CUST00238,158,7,2779,49706,359,69,0
CUST00239,113,15,4814,44206,717,74,0
CUST00240,229,3,8860,2412,432,73,1
CUST00241,52,25,2313,10837,484,39,1
CUST00242,213,39,6668,10795,450,72,0
CUST00243,35,48,4580,44929,753,74,0
CUST00244,237,24,1207,26186,318,77,1
CUST00245,229,43,7137,36579,493,39,0
CUST00246,31,49,8342,40592,453,32,1
CUST00247,276,43,5798,38497,450,54,0
CUST00248,152,23,1845,4907,406,75,1
CUST00249,287,16,1641,7446,801,73,0
CUST00250,16,48,4292,20064,508,53,0
CUST00251,66,12,5113,17249,530,27,1
CUST00252,180,21,5566,37480,511,44,1
CUST00253,69,4,2512,8233,839,62,0
CUST00254,121,39,5057,18891,486,52,1
CUST00255,241,32,3021,12210,487,39,0
CUST00256,53,5,6893,9847,480,39,1
CUST00257,247,11,7985,9053,479,21,1
CUST00258,38,28,6561,10177,349,35,1
CUST00259,64,27,112,28436,632,59,0
CUST00260,214,40,9921,20797,313,32,1
CUST00261,289,14,335,22046,424,79,0
CUST00262,63,46,9994,24231,411,23,0
CUST00263,110,22,414,37182,460,54,1
CUST00264,337,41,5212,43159,716,48,0
CUST00265,361,12,1149,26558,629,69,0
CUST00266,212,2,1042,32291,844,73,0
CUST00267,163,3,6865,37058,493,51,1
CUST00268,127,19,7305,34674,810,57,0
CUST00269,223,47,1270,7146,324,61,1
CUST00270,216,3,9768,49157,577,50,0
CUST00271,108,19,3272,8658,739,29,0
CUST00272,9,6,3251,20886,592,44,1
CUST00273,56,46,3040,32803,813,32,0
CUST00274,349,34,4665,20466,473,46,0
CUST00275,153,38,1860,12534,318,56,1
CUST00276,176,35,4305,46205,725,30,1
CUST00277,171,33,2178,4040,337,33,1
CUST00278,285,38,609,12670,720,69,0
CUST00279,24,1,3750,49653,703,41,0
CUST00280,31,43,6755,36625,764,30,0
CUST00281,101,37,7654,4805,563,62,1
CUST00282,178,37,3598,37851,792,62,0
CUST00283,245,20,3305,48490,393,69,1
CUST00284,179,40,7895,5340,538,65,1
CUST00285,161,19,6843,20995,367,79,0
CUST00286,342,3,8337,23677,721,53,1
CUST00287,59,45,9070,6985,692,35,0
CUST00288,209,12,8230,10427,743,71,0
CUST00289,198,5,9371,9100,720,34,0
CUST00290,173,31,4224,9676,469,36,1
CUST00291,294,12,4007,20474,337,69,1
CUST00292,98,43,3283,23459,811,72,1
CUST00293,348,22,2428,12280,571,39,1
CUST00294,121,1,7513,14826,351,63,1
CUST00295,199,47,7173,10015,809,75,0
CUST00296,190,26,8033,39904,846,67,0
CUST00297,310,13,1757,10981,545,18,1
CUST00298,160,34,4963,45426,723,59,0
CUST00299,104,26,2297,27173,319,28,1
CUST00300,8,2,8941,40234,351,70,1
CUST00301,133,38,2747,32001,452,22,1
CUST00302,301,20,1524,13668,660,79,0
CUST00303,4,35,5741,30267,373,28,0
CUST00304,327,44,8802,14069,318,44,1
CUST00305,198,30,9165,6368,667,32,1
CUST00306,52,33,1051,13109,723,68,1
CUST00307,110,13,3326,14144,706,42,0
CUST00308,202,12,1619,7184,739,64,0
CUST00309,115,21,3147,1668,741,22,0
CUST00310,40,42,5385,47218,631,46,0
CUST00311,243,26,2877,25914,585,74,1
CUST00312,245,18,768,20401,771,75,0
CUST00313,44,39,5149,46532,491,30,1
CUST00314,103,42,622,11622,353,42,1
CUST00315,89,45,2344,20442,713,43,1
CUST00316,241,15,105,42410,451,53,0
CUST00317,266,35,959,31785,838,51,0
CUST00318,265,29,4419,20260,527,24,0
CUST00319,342,22,8522,13163,768,65,0
CUST00320,280,20,7768,2238,323,31,1
CUST00321,117,6,1078,4710,662,37,0
CUST00322,40,14,444,8516,546,70,0
CUST00323,224,27,3447,39437,554,60,0
CUST00324,334,44,6557,32142,445,42,1
CUST00325,355,43,7492,21956,834,74,0
CUST00326,84,10,8248,39253,516,42,1
CUST00327,87,34,3487,8458,767,53,1
CUST00328,14,5,1763,10941,533,33,0
CUST00329,52,34,360,19940,326,29,1
CUST00330,202,17,1553,45911,783,48,0
CUST00331,200,23,745,30904,401,52,1
CUST00332,136,36,8621,42624,448,67,0
CUST00333,113,21,2757,12784,773,42,1
CUST00334,303,40,8248,42494,791,73,0
CUST00335,168,27,5576,4087,804,55,0
CUST00336,295,49,5435,11769,534,22,1
CUST00337,351,32,4602,26389,716,63,1
CUST00338,116,15,8210,3001,480,53,1
CUST00339,74,38,530,42983,707,42,0
CUST00340,347,20,1018,43437,576,46,0
CUST00341,232,27,4291,27302,328,36,1
CUST00342,106,7,4005,15637,529,56,1
CUST00343,227,6,5501,5398,557,53,0
CUST00344,188,29,7404,31136,441,45,1
CUST00345,330,10,5916,27114,505,35,0
CUST00346,94,49,2648,38118,576,42,0
CUST00347,361,42,3340,30325,327,48,1
CUST00348,341,35,7548,6850,383,47,1
CUST00349,66,37,2094,6527,721,37,0
CUST00350,60,30,5091,39151,493,54,0
CUST00351,195,3,5434,8371,634,32,1
CUST00352,17,20,7527,46956,611,49,1
CUST00353,109,25,7172,5744,603,25,0
CUST00354,159,45,4700,36554,527,47,1
CUST00355,353,11,3160,48773,565,66,0
CUST00356,362,25,3742,22340,753,68,0
CUST00357,56,17,4174,3307,830,61,0
CUST00358,325,7,2269,43895,441,64,1
CUST00359,34,6,6291,9771,668,22,0
CUST00360,273,18,2162,26609,833,39,0
CUST00361,308,5,6521,49234,304,58,1
CUST00362,325,4,7539,37366,731,67,0
CUST00363,82,18,9622,2792,573,54,0
CUST00364,326,10,1277,41115,832,70,0
CUST00365,43,28,7621,8481,618,34,0
CUST00366,189,1,951,37592,760,27,1
CUST00367,171,15,3438,31237,391,23,1
CUST00368,115,23,1845,14748,378,54,1
CUST00369,9,48,1706,21468,809,59,0
CUST00370,282,32,1835,6333,589,35,1
CUST00371,123,44,534,49345,607,66,1
CUST00372,241,17,8248,12297,393,63,1
CUST00373,150,23,705,15779,424,40,1
CUST00374,137,21,4045,25392,750,32,0
CUST00375,323,44,7021,33782,466,64,1
CUST00376,35,48,9904,25511,621,59,1
CUST00377,269,48,8551,25504,474,28,0
CUST00378,272,37,1458,29340,444,33,1
CUST00379,139,25,9878,42955,391,48,0
CUST00380,96,27,6570,20057,811,49,1
CUST00381,2,49,1877,41690,817,28,0
CUST00382,341,14,4542,39451,363,76,1
CUST00383,345,17,9187,48069,494,42,1
CUST00384,88,44,3989,45701,610,41,0
CUST00385,12,19,1918,40009,510,21,0
CUST00386,45,12,8763,12712,696,72,0
CUST00387,25,28,9534,38827,443,32,1
CUST00388,303,16,9758,36957,332,79,1
CUST00389,325,44,9561,14830,485,48,0
CUST00390,56,45,8741,34059,628,72,0
CUST00391,272,15,4599,13021,399,29,1
CUST00392,66,26,2003,26392,748,28,0
CUST00393,134,49,6209,39939,306,67,1
CUST00394,219,37,2285,9832,337,68,1
CUST00395,263,11,4784,17179,579,51,1
CUST00396,319,29,6595,39863,581,19,1
CUST00397,17,31,9471,22962,462,76,1
CUST00398,72,33,2961,48051,442,42,0
CUST00399,103,2,2593,894,338,76,1
CUST00400,113,15,7373,36230,664,71,0
CUST00401,364,42,163,40802,508,70,0
CUST00402,283,12,5707,45934,365,60,1
CUST00403,117,15,7484,8259,519,59,1
CUST00404,354,16,5553,49217,815,51,0
CUST00405,182,9,3901,19917,443,19,1
CUST00406,183,8,8302,17926,792,42,0
CUST00407,158,18,3773,18099,442,63,0
CUST00408,53,43,7134,32092,402,68,1
CUST00409,341,1,4695,33135,443,52,0
CUST00410,6,14,363,23959,477,61,1
CUST00411,64,3,5352,4016,366,19,1
CUST00412,84,28,589,49338,623,47,1
CUST00413,102,13,9316,11494,483,49,0
CUST00414,48,39,6055,5143,694,73,1
CUST00415,7,29,3783,30070,570,37,1
CUST00416,247,39,4913,20912,543,32,0
CUST00417,353,32,6229,30970,559,39,1
CUST00418,45,22,2675,43839,385,28,1
CUST00419,108,43,2955,5317,692,52,1
CUST00420,185,24,4244,14560,357,57,1
CUST00421,338,47,2659,26070,696,67,1
CUST00422,253,49,7603,39495,849,78,0
CUST00423,279,29,1127,30231,720,22,0
CUST00424,212,34,8283,19447,550,33,1
CUST00425,152,13,3550,30698,472,36,0
CUST00426,73,40,5656,49008,779,33,0
CUST00427,315,33,1661,24262,441,69,1
CUST00428,293,45,3915,44234,565,26,1
CUST00429,10,14,7570,39107,723,19,1
CUST00430,261,39,2779,15415,807,71,1
CUST00431,31,24,1409,12850,806,77,0
CUST00432,269,10,5266,38624,348,32,1
CUST00433,301,9,1708,10770,794,38,0
CUST00434,48,28,3216,17174,362,49,1
CUST00435,158,16,4559,12152,621,50,0
CUST00436,46,5,5684,30514,811,79,0
CUST00437,207,21,6429,15059,660,43,0
CUST00438,338,32,6798,33094,821,18,0
CUST00439,30,16,8458,46774,489,44,1
CUST00440,145,47,754,41564,473,52,1
CUST00441,355,39,3687,47423,479,50,1
CUST00442,110,26,110,1710,495,49,1
CUST00443,49,46,193,23045,675,75,0
CUST00444,178,22,2201,11397,548,68,0
CUST00445,186,7,6021,45934,705,33,1
CUST00446,242,2,8955,35739,528,40,1
CUST00447,115,46,7758,16350,469,59,1
CUST00448,348,48,6498,28394,404,43,1
CUST00449,190,37,7803,30468,603,44,0
CUST00450,105,6,1802,25032,794,28,1
CUST00451,350,15,8414,23980,772,33,0
CUST00452,337,3,8913,3232,439,63,0
CUST00453,182,3,1041,22896,562,70,0
CUST00454,10,13,4752,17739,687,66,0
CUST00455,218,29,8317,41003,636,37,0
CUST00456,203,4,4813,43322,336,26,1
CUST00457,54,49,8420,37645,625,27,1
CUST00458,231,23,9361,2029,321,42,1
CUST00459,307,13,4799,42140,364,50,1
CUST00460,39,26,688,20123,659,73,0
CUST00461,264,39,3466,21110,356,73,1
CUST00462,52,16,2230,47284,486,18,1
CUST00463,273,3,4793,43431,623,61,0
CUST00464,153,3,5899,3018,660,36,0
CUST00465,3,42,4692,18311,545,30,1
CUST00466,352,6,2035,37610,351,52,1
CUST00467,61,32,3081,27172,739,20,1
CUST00468,217,19,6827,13251,822,38,0
CUST00469,67,39,367,26476,788,52,0
CUST00470,340,3,2219,43397,711,34,1
CUST00471,269,44,8934,11552,521,54,0
CUST00472,293,35,1081,37430,781,46,0
CUST00473,158,23,4205,36870,568,67,0
CUST00474,171,11,2149,44342,375,29,1
CUST00475,231,48,1136,15248,767,21,0
CUST00476,286,15,4285,11188,476,50,1
CUST00477,309,25,5262,27608,816,33,0
CUST00478,7,20,1843,26798,502,61,1
CUST00479,242,12,870,20771,778,23,0
CUST00480,40,21,1433,39073,595,53,0
CUST00481,105,8,6550,40052,557,79,1
CUST00482,302,1,8616,12662,463,23,1
CUST00483,92,15,1884,39878,759,36,0
CUST00484,291,6,3271,11921,333,70,1
CUST00485,169,21,3503,20677,557,51,0
CUST00486,85,43,3671,1845,502,28,1
CUST00487,122,8,2518,17349,598,31,0
CUST00488,194,1,647,47946,440,65,1
CUST00489,279,6,5299,22406,665,71,0
CUST00490,221,25,3637,35645,512,40,1
CUST00491,340,14,3488,5842,403,47,1
CUST00492,316,24,2721,31960,408,66,0
CUST00493,275,2,9300,18892,683,28,0
CUST00494,220,17,6143,37327,444,30,1
CUST00495,106,21,4245,46436,468,66,1
CUST00496,151,22,2133,26814,644,29,1
CUST00497,44,28,8031,5589,481,65,1
CUST00498,137,39,8894,24068,513,48,1
CUST00499,338,23,419,6593,434,79,0
CUST00500,156,42,9303,22751,489,20,1
CUST00501,42,26,7024,3526,681,76,1
CUST00502,238,13,1088,32201,593,31,1
CUST00503,351,12,7556,15867,848,20,0
CUST00504,316,16,1163,10475,724,62,0
CUST00505,100,30,603,1356,309,51,1
CUST00506,166,12,1241,44458,508,69,1
CUST00507,194,45,4652,41941,459,24,1
CUST00508,91,24,6233,40681,623,23,1
CUST00509,98,43,4132,3377,446,53,1
CUST00510,87,34,1307,17803,831,72,0
CUST00511,363,17,2071,48581,464,43,1
CUST00512,272,12,8538,29141,587,67,1
CUST00513,307,37,9629,6860,367,74,1
CUST00514,298,17,7567,7480,800,71,0
CUST00515,350,13,1123,13524,801,49,0
CUST00516,39,46,8216,48631,736,61,0
CUST00517,321,24,6950,8895,493,50,1
CUST00518,25,3,5307,45193,332,59,1
CUST00519,174,25,1518,34061,691,53,0
CUST00520,217,23,9967,46133,536,50,1
CUST00521,131,43,4481,41387,844,45,0
CUST00522,54,35,537,16942,684,58,0
CUST00523,70,10,2178,41480,596,64,0
CUST00524,301,8,4072,8872,842,74,0
CUST00525,117,30,717,14902,740,56,0
CUST00526,113,3,3306,10982,552,24,0
CUST00527,337,16,4737,7091,310,54,1
CUST00528,53,7,9491,4955,351,37,1
CUST00529,334,2,955,9776,544,19,1
CUST00530,336,46,5810,6445,609,22,0
CUST00531,218,5,9166,19331,316,54,0
CUST00532,61,1,8081,4029,369,76,1
CUST00533,57,46,9256,3533,687,49,0
CUST00534,104,10,1786,49496,713,45,0
CUST00535,211,41,8033,4840,316,23,1
CUST00536,56,2,9788,4165,579,59,1
CUST00537,166,8,3327,1990,344,21,1
CUST00538,43,6,5036,7060,697,70,0
CUST00539,197,35,5355,26631,758,68,0
CUST00540,8,31,4987,41449,778,79,0
CUST00541,259,24,2968,36877,628,35,1
CUST00542,21,12,9711,29221,645,28,1
CUST00543,71,5,9569,4708,809,36,0
CUST00544,64,28,3869,38833,636,67,0
CUST00545,303,12,8072,2343,545,31,1
CUST00546,20,29,4035,31730,715,73,0
CUST00547,157,34,7968,20761,624,27,0
CUST00548,216,42,5889,44167,763,21,0
CUST00549,188,25,4754,15722,588,31,0
CUST00550,248,1,1367,32104,777,64,0
CUST00551,293,14,6580,22279,324,55,1
CUST00552,144,42,3278,26345,320,39,1
CUST00553,302,27,2246,46970,354,58,1
CUST00554,116,31,2012,35781,605,58,0
CUST00555,359,23,9820,21020,689,52,1
CUST00556,184,8,1122,22645,418,49,1
CUST00557,268,44,8005,35376,385,24,1
CUST00558,319,38,8674,17630,773,34,0
CUST00559,289,49,407,8808,712,50,1
CUST00560,310,42,5934,23648,656,26,0
CUST00561,196,15,5816,3877,568,47,0
CUST00562,16,13,3650,8900,531,25,1
CUST00563,180,13,6700,21325,311,66,1
CUST00564,67,46,4145,39930,403,24,0
CUST00565,324,28,4452,39180,793,23,0
CUST00566,87,23,4372,13404,486,57,1
CUST00567,84,48,8026,21385,687,31,0
CUST00568,91,30,6368,8099,687,39,1
CUST00569,234,45,3852,37884,470,37,1
CUST00570,208,49,9275,12694,412,31,1
CUST00571,346,4,8040,40076,680,65,1
CUST00572,152,18,9334,42182,351,60,0
CUST00573,103,36,7331,34609,572,32,1
CUST00574,18,40,3975,16844,788,60,0
CUST00575,3,8,7752,47669,691,62,0
CUST00576,136,16,3359,34459,720,51,1
CUST00577,337,27,2782,32469,345,53,1
CUST00578,191,40,4565,42892,409,75,1
CUST00579,326,6,9696,44132,451,46,1
CUST00580,38,30,5722,4348,460,41,1
CUST00581,34,15,3898,44136,406,51,1
CUST00582,304,11,4671,38368,834,69,0
CUST00583,39,26,2983,10722,390,61,0
CUST00584,19,21,6621,15729,689,22,0
CUST00585,148,32,3569,37756,622,46,0
CUST00586,337,16,5588,11222,635,63,0
CUST00587,251,41,3761,22894,418,31,1
CUST00588,37,4,3275,34600,469,79,0
CUST00589,305,43,9705,32699,633,68,0
CUST00590,308,2,3522,45534,464,70,0
CUST00591,292,37,798,6021,681,23,1
CUST00592,329,17,3848,15103,321,53,1
CUST00593,88,19,5368,49251,340,50,1
CUST00594,357,1,1036,28657,700,56,1
CUST00595,117,35,3126,12810,639,70,1
CUST00596,292,9,1744,14846,323,39,1
CUST00597,211,33,5056,17291,794,51,0
CUST00598,284,36,7258,27937,302,60,1
CUST00599,229,42,9687,14584,825,64,0
CUST00600,234,35,3952,31282,701,65,0
CUST00601,225,15,8646,22540,843,38,0
CUST00602,284,37,2223,30711,821,79,0
CUST00603,270,41,7826,8178,472,18,0
CUST00604,49,16,5670,31365,716,48,0
CUST00605,301,7,7605,46274,416,55,1
CUST00606,196,44,7579,7186,559,21,1
CUST00607,118,8,5371,16708,432,45,0
CUST00608,188,30,2648,34830,567,54,1
CUST00609,352,12,5309,31061,779,55,1
CUST00610,313,7,8285,33900,539,25,0
CUST00611,304,39,9709,28198,350,35,1
CUST00612,169,8,9282,34288,478,33,1
CUST00613,286,33,1896,30664,732,57,0
CUST00614,141,34,6014,4166,586,38,1
CUST00615,250,3,1135,37688,608,53,1
CUST00616,233,9,6722,22618,537,63,1
CUST00617,91,39,9924,3046,461,67,1
CUST00618,97,25,620,20747,628,29,0
CUST00619,23,6,6600,22041,648,74,0
CUST00620,51,49,9460,4792,793,28,0
CUST00621,158,13,8487,49806,639,19,1
CUST00622,174,1,3985,11507,847,20,0
CUST00623,61,46,1128,16867,754,30,0
CUST00624,152,1,9246,22327,343,72,1
CUST00625,220,28,9221,41709,515,30,1
CUST00626,85,49,5831,37273,511,60,1
CUST00627,124,29,9791,38662,301,43,1
CUST00628,134,29,145,12234,399,20,1
CUST00629,184,20,6204,42349,719,45,1
CUST00630,134,7,481,41572,493,19,1
CUST00631,269,29,9363,23461,381,47,1
CUST00632,120,44,6836,27517,458,52,1
CUST00633,158,5,9142,2338,451,50,1
CUST00634,139,44,5670,38140,395,35,1
CUST00635,67,21,924,48065,355,65,1
CUST00636,250,27,362,23891,720,54,1
CUST00637,86,9,3422,27254,753,33,0
CUST00638,109,31,7460,25210,572,44,0
CUST00639,289,9,1595,4590,638,24,1
CUST00640,346,14,8536,31176,805,75,0
CUST00641,245,36,2470,36211,763,64,0
CUST00642,334,3,5014,46434,317,35,1
CUST00643,311,22,2110,46524,824,59,0
CUST00644,176,30,4710,24844,336,60,1
CUST00645,281,7,4576,47969,314,55,1
CUST00646,120,15,154,26668,521,21,0
CUST00647,168,17,5721,32281,710,72,0
CUST00648,195,33,7887,30298,344,77,1
CUST00649,350,48,9369,49934,461,78,1
CUST00650,309,41,3374,37006,444,78,1
CUST00651,179,10,8817,6440,518,75,0
CUST00652,238,1,8799,4056,842,63,0
CUST00653,74,3,9884,20789,482,21,1
CUST00654,293,30,3793,26026,414,46,1
CUST00655,202,8,8523,33596,367,33,1
CUST00656,194,12,5694,24338,408,31,0
CUST00657,279,42,676,25974,373,69,0
CUST00658,231,43,2776,46123,615,68,1
CUST00659,27,42,6753,17076,531,50,1
CUST00660,105,13,1689,24928,573,63,1
CUST00661,65,31,4403,28090,757,26,0
CUST00662,268,30,7771,23681,619,31,0
CUST00663,13,10,1582,48421,385,71,1
CUST00664,74,28,5016,48128,507,45,1
CUST00665,218,26,2227,25899,471,51,1
CUST00666,253,20,5411,22803,754,46,0
CUST00667,184,37,2483,29653,468,30,0
CUST00668,314,34,9657,9453,376,69,1
CUST00669,335,27,859,21586,704,65,0
CUST00670,49,36,9639,11237,535,60,1
CUST00671,347,38,7939,7630,352,39,1
CUST00672,224,28,8570,5211,679,57,1
CUST00673,232,14,8529,29559,415,77,1
CUST00674,35,38,1957,528,777,58,0
CUST00675,227,36,9317,32485,757,48,0
CUST00676,265,49,5983,21881,503,34,1
CUST00677,212,8,9625,18640,605,50,1
CUST00678,31,21,8793,38577,612,41,1
CUST00679,191,46,5838,27168,659,55,1
CUST00680,341,26,3807,36806,338,20,0
CUST00681,264,47,1261,35618,478,29,0
CUST00682,51,1,1100,2091,393,66,1
CUST00683,350,2,3958,11166,683,41,0
CUST00684,350,40,8128,28714,338,44,1
CUST00685,62,18,5102,48789,584,51,0
CUST00686,292,26,4869,8137,700,45,0
CUST00687,149,21,2520,5725,821,65,0
CUST00688,217,20,5687,47083,458,33,1
CUST00689,163,47,6416,48356,304,65,1
CUST00690,285,5,9823,8784,698,30,0
CUST00691,363,38,7321,20384,300,40,1
CUST00692,290,44,6111,31518,336,54,1
CUST00693,340,33,9109,10163,844,72,0
CUST00694,345,20,4307,16648,774,32,0
CUST00695,33,8,9355,20066,689,54,0
CUST00696,93,34,3762,32257,759,21,0
CUST00697,263,23,1365,15749,341,22,1
CUST00698,215,8,4234,20906,348,65,1
CUST00699,19,18,1374,14834,465,62,1
CUST00700,35,48,1272,38102,313,41,1
CUST00701,190,14,8823,8075,788,56,0
CUST00702,225,9,7968,11918,330,41,1
CUST00703,62,34,2289,12874,599,35,1
CUST00704,63,10,8393,45336,769,44,0
CUST00705,48,46,782,47251,704,37,1
CUST00706,206,43,2915,25260,429,68,1
CUST00707,3,49,7090,8241,558,43,1
CUST00708,209,45,3107,37926,601,37,1
CUST00709,174,12,7331,24858,722,51,1
CUST00710,170,11,8755,42561,534,64,1
CUST00711,248,17,754,18319,456,34,1
CUST00712,191,24,337,49942,737,76,0
CUST00713,265,44,9406,40446,787,46,0
CUST00714,279,36,5252,11585,568,58,0
CUST00715,335,32,5114,36414,315,77,1
CUST00716,291,44,4690,14701,575,44,1
CUST00717,189,32,4392,17814,789,30,0
CUST00718,180,19,6932,12896,844,64,0
CUST00719,86,21,5839,34269,520,18,1
CUST00720,219,26,1717,13512,382,46,1
CUST00721,51,5,6303,32120,614,78,1
CUST00722,339,37,6716,29331,756,43,0
CUST00723,308,32,1224,37664,819,60,0
CUST00724,44,36,3829,49679,328,50,1
CUST00725,287,27,7926,936,459,31,1
CUST00726,43,39,6225,49518,562,37,1
CUST00727,263,47,1450,5912,354,50,1
CUST00728,32,28,496,26575,787,24,0
CUST00729,178,22,5853,17374,361,43,1
CUST00730,240,6,4671,32131,665,43,0
CUST00731,266,39,9614,36225,805,69,0
CUST00732,153,45,5270,43068,676,25,0
CUST00733,336,35,9321,20397,719,70,0
CUST00734,282,43,2221,46680,444,43,1
CUST00735,76,43,4528,16460,755,58,0
CUST00736,245,40,1482,10591,530,52,0
CUST00737,266,25,5784,19267,333,36,1
CUST00738,122,5,1965,26662,501,75,1
CUST00739,269,1,4973,33573,492,31,1
CUST00740,328,11,3506,41725,586,20,0
CUST00741,298,22,1938,11630,445,64,1
CUST00742,278,37,1058,15508,554,56,1
CUST00743,231,23,5169,46964,535,73,0
CUST00744,99,2,9478,22270,479,46,1
CUST00745,290,11,2067,12457,682,19,1
CUST00746,133,48,4109,49288,468,19,1
CUST00747,194,49,2323,22724,721,44,0
CUST00748,115,19,8108,49259,437,33,1
CUST00749,114,40,4207,46006,775,75,0
CUST00750,58,36,9746,45352,500,25,1
CUST00751,350,46,2527,29301,322,72,1
CUST00752,54,44,899,40023,382,31,1
CUST00753,32,31,5866,48047,743,25,0
CUST00754,341,20,6551,13821,779,35,0
CUST00755,203,31,9908,2368,416,26,0
CUST00756,160,16,8726,16382,631,42,0
CUST00757,269,18,8853,32026,615,38,0
CUST00758,140,30,6378,27590,373,50,0
CUST00759,47,28,3662,4488,548,51,1
CUST00760,266,29,4347,28258,681,18,0
CUST00761,65,19,1424,9132,831,25,0
CUST00762,202,21,4367,25522,766,28,0
CUST00763,346,1,3707,28997,353,30,0
CUST00764,341,30,455,32015,430,23,1
CUST00765,132,29,2124,20921,540,37,1
CUST00766,285,46,5392,20711,382,52,1
CUST00767,224,25,3756,34089,613,37,0
CUST00768,175,23,9936,37584,304,38,1
CUST00769,51,4,4837,40483,362,47,1
CUST00770,137,10,9591,17010,325,52,1
CUST00771,238,17,6641,21491,462,38,1
CUST00772,360,19,499,16868,719,31,0
CUST00773,2,18,2114,26613,397,43,1
CUST00774,262,20,7087,6797,842,19,0
CUST00775,309,38,5496,21789,448,48,1
CUST00776,347,7,3087,9841,324,76,1
CUST00777,155,17,5268,26854,484,42,1
CUST00778,44,8,9039,42600,711,24,1
CUST00779,99,16,3948,49277,358,61,1
CUST00780,310,34,546,22590,339,25,1
CUST00781,320,3,3178,3288,767,30,0
CUST00782,232,17,9365,11779,625,27,0
CUST00783,45,2,7641,5688,488,72,0
CUST00784,45,47,8391,38087,715,78,0
CUST00785,175,36,9124,49241,764,53,0
CUST00786,215,12,1263,27922,497,56,0
CUST00787,12,10,2898,9253,608,58,1
CUST00788,250,5,692,1547,306,55,1
CUST00789,199,24,146,48816,468,51,1
CUST00790,5,37,8363,16159,627,79,0
CUST00791,35,29,9375,6044,408,63,1
CUST00792,166,44,1642,9261,845,23,1
CUST00793,264,17,7249,13135,834,42,0
CUST00794,301,14,5395,32965,441,78,0
CUST00795,157,24,785,44643,517,43,1
CUST00796,108,10,9165,14114,404,30,1
CUST00797,353,48,8725,34518,577,71,1
CUST00798,167,10,5717,3714,368,56,1
CUST00799,115,24,7108,1000,515,52,0
CUST00800,162,26,4032,3219,605,44,0
CUST00801,5,3,7949,46194,636,25,0
CUST00802,110,23,4505,29295,628,41,1
CUST00803,188,23,9892,40355,421,45,1
CUST00804,335,13,724,1575,735,75,0
CUST00805,269,7,1804,1600,680,37,0
CUST00806,285,3,9690,42515,714,27,0
CUST00807,199,1,2958,5579,557,44,1
CUST00808,41,24,3175,8192,790,79,0
CUST00809,143,5,7933,26187,514,47,1
CUST00810,363,48,1974,30525,743,41,0
CUST00811,17,12,5184,11829,411,59,1
CUST00812,321,32,2931,22512,435,58,0
CUST00813,250,34,2059,33906,589,36,0
CUST00814,104,25,9647,22421,605,78,0
CUST00815,284,44,2078,19441,710,54,0
CUST00816,305,6,1033,4053,463,21,1
CUST00817,16,12,6771,22867,779,43,0
CUST00818,39,13,8686,40236,481,75,1
CUST00819,243,7,1362,31524,593,42,0
CUST00820,364,15,7107,44706,812,53,0
CUST00821,9,16,5453,6745,596,55,0
CUST00822,243,38,8317,1045,675,61,1
CUST00823,50,15,1356,27633,799,72,0
CUST00824,237,43,9761,9340,836,27,0
CUST00825,227,38,6229,29902,574,50,1
CUST00826,33,45,8437,45243,529,51,1
CUST00827,248,6,3683,17188,408,27,1
CUST00828,327,49,9439,27699,595,59,1
CUST00829,315,31,6300,34243,805,25,0
CUST00830,11,49,1356,7926,567,46,0
CUST00831,90,18,9236,44920,491,38,1
CUST00832,88,47,7978,10538,359,27,1
CUST00833,165,29,3071,40509,514,68,0
CUST00834,53,4,5502,33169,430,33,1
CUST00835,311,21,3941,7477,837,33,0
CUST00836,283,7,5480,36378,590,70,0
CUST00837,295,47,9657,10225,375,72,1
CUST00838,73,15,8999,30171,337,20,1
CUST00839,6,11,2233,48004,767,35,1
CUST00840,332,28,9720,47680,812,61,0
CUST00841,106,21,4435,43626,719,66,0
CUST00842,239,5,7077,24956,368,79,1
CUST00843,332,41,7665,28197,354,52,1
CUST00844,14,42,4881,15363,408,18,1
CUST00845,2,37,4620,46087,713,72,0
CUST00846,2,31,4618,24123,720,27,0
CUST00847,57,20,8639,38695,760,25,1
CUST00848,19,27,3924,18303,353,59,1
CUST00849,299,26,2871,37150,384,55,1
CUST00850,221,9,3679,11608,795,21,0
CUST00851,357,5,2029,36822,810,28,0
CUST00852,292,13,3975,2775,699,54,0
CUST00853,351,23,1229,5688,358,33,1
CUST00854,87,8,988,17934,337,60,1
CUST00855,105,6,7266,24360,330,43,1
CUST00856,310,42,866,35714,680,54,0
CUST00857,90,19,5725,18273,765,47,0
CUST00858,21,29,7820,1412,647,40,0
CUST00859,244,26,7272,16606,444,39,1
CUST00860,292,37,4516,22239,716,61,0
CUST00861,353,37,2016,27414,332,49,1
CUST00862,338,15,9313,32378,755,54,0
CUST00863,44,42,8368,12759,790,53,0
CUST00864,282,19,6160,30715,695,30,0
CUST00865,308,41,958,31763,783,74,0
CUST00866,255,20,448,38944,622,52,1
CUST00867,299,6,3220,26341,557,62,1
CUST00868,306,38,1659,40620,477,72,1
CUST00869,163,2,8617,11469,806,75,0
CUST00870,15,38,2137,35729,683,59,0
CUST00871,167,3,2898,2769,404,66,1
CUST00872,74,11,9759,5588,826,47,0
CUST00873,42,30,8200,43303,332,63,1
CUST00874,46,47,2265,24013,623,37,0
CUST00875,254,21,3897,31231,404,62,1
CUST00876,184,6,5205,30368,665,23,0
CUST00877,197,12,6676,34895,526,74,1
CUST00878,272,44,9368,12655,540,33,1
CUST00879,200,36,8724,9323,669,58,0
CUST00880,230,5,9774,2606,715,18,0
CUST00881,32,19,502,43306,509,27,1
CUST00882,310,13,2439,11567,848,79,0
CUST00883,164,9,5673,28970,574,69,0
CUST00884,57,42,586,23017,388,31,1
CUST00885,297,31,3617,8536,303,26,1
CUST00886,268,9,1620,20989,411,68,0
CUST00887,20,32,9335,4618,680,79,1
CUST00888,71,21,726,9245,596,28,0
CUST00889,6,4,1569,7414,485,59,1
CUST00890,99,23,2031,41308,564,35,0
CUST00891,37,10,1571,28587,760,64,0
CUST00892,259,13,5728,46321,614,43,1
CUST00893,191,44,3707,22081,331,25,1
CUST00894,357,35,9133,10466,326,38,1
CUST00895,273,7,2682,30625,565,51,0
CUST00896,223,42,5418,46513,522,67,1
CUST00897,186,29,6634,26863,767,19,0
CUST00898,20,43,6297,1384,620,77,0
CUST00899,26,37,7984,15529,716,58,0
CUST00900,225,17,2098,46285,621,72,0
CUST00901,2,27,5123,26158,489,75,1
CUST00902,16,27,8025,47620,661,27,1
CUST00903,80,36,8643,25708,641,23,1
CUST00904,322,13,6216,1096,696,66,0
CUST00905,168,17,6553,43716,404,29,1
CUST00906,259,12,8654,38269,652,27,0
CUST00907,150,15,6286,35904,457,47,0
CUST00908,64,8,9493,48524,734,74,1
CUST00909,136,2,1363,10211,739,67,0
CUST00910,34,47,3544,45342,643,50,1
CUST00911,281,4,1210,12014,820,30,0
CUST00912,67,44,996,48550,595,38,0
CUST00913,138,1,4772,9975,313,60,1
CUST00914,357,39,2336,27741,633,27,0
CUST00915,216,17,4130,39572,727,50,0
CUST00916,167,26,4434,4368,355,18,0
CUST00917,198,14,6247,3801,357,38,1
CUST00918,286,25,9462,42564,450,33,1
CUST00919,93,23,8508,3491,764,60,0
CUST00920,232,26,3845,30884,590,74,1
CUST00921,318,20,3323,46941,837,27,0
CUST00922,209,27,7730,30929,780,67,0
CUST00923,163,41,1324,24309,605,58,1
CUST00924,53,22,5450,21154,673,78,0
CUST00925,91,18,4287,32089,482,74,1
CUST00926,345,7,1909,28806,349,24,1
CUST00927,198,18,6202,25337,519,64,1
CUST00928,110,7,3275,8102,625,54,0
CUST00929,153,9,1937,33302,400,25,0
CUST00930,211,47,6566,37118,421,33,1
CUST00931,196,5,1824,35588,308,75,1
CUST00932,255,24,6761,4213,703,51,0
CUST00933,94,41,1704,35292,794,38,0
CUST00934,237,47,4404,36624,755,37,0
CUST00935,162,8,8099,9579,508,69,0
CUST00936,343,9,2363,42524,626,35,1
CUST00937,58,19,7699,26430,828,27,0
CUST00938,55,28,7246,23887,625,53,0
CUST00939,169,48,9036,36275,462,79,1
CUST00940,186,11,1771,25736,486,29,1
CUST00941,252,9,7179,27464,699,33,0
CUST00942,148,13,9373,15954,545,47,1
CUST00943,333,43,7653,46429,760,30,0
CUST00944,173,2,1960,48488,775,58,0
CUST00945,48,19,8239,6956,319,33,1
CUST00946,44,6,1162,36789,697,25,0
CUST00947,355,8,5929,1655,503,34,0
CUST00948,49,45,5026,18764,585,75,0
CUST00949,346,1,5357,48514,445,75,1
CUST00950,102,16,5243,9152,502,49,0
CUST00951,35,45,411,19161,481,42,1
CUST00952,111,30,5131,11369,327,68,1
CUST00953,224,4,9373,36546,730,30,1
CUST00954,156,23,4423,23464,378,58,0
CUST00955,286,48,2841,29859,506,60,1
CUST00956,223,20,9948,47157,406,62,1
CUST00957,146,26,1080,26292,388,31,1
CUST00958,232,27,4914,36840,505,62,1
CUST00959,354,33,5174,5346,805,55,0
CUST00960,150,10,4831,11154,819,72,0
CUST00961,56,42,9225,47369,509,28,1
CUST00962,149,49,4275,43048,577,56,1
CUST00963,306,7,9735,33005,842,69,0
CUST00964,80,41,761,19220,429,35,1
CUST00965,346,41,7365,10390,819,64,0
CUST00966,215,37,5970,42660,358,24,1
CUST00967,219,19,2481,39372,424,62,1
CUST00968,116,23,2356,12464,486,55,1
CUST00969,336,42,7224,29696,320,29,1
CUST00970,14,8,6412,31123,748,22,0
CUST00971,109,41,6150,24134,770,64,0
CUST00972,153,46,603,46370,510,32,1
CUST00973,174,34,6019,6642,760,48,0
CUST00974,173,17,9815,13265,724,21,0
CUST00975,54,28,271,5203,740,77,0
CUST00976,83,3,4743,34799,741,52,0
CUST00977,35,46,4994,32378,615,75,0
CUST00978,209,17,8977,49371,360,27,1
CUST00979,128,3,2900,27344,807,30,0
CUST00980,206,39,4808,7954,634,55,0
CUST00981,215,33,7200,22818,795,55,0
CUST00982,256,31,697,4875,827,67,0
CUST00983,200,3,8030,33710,402,75,1
CUST00984,236,37,8239,33872,521,68,1
CUST00985,214,32,7224,42953,405,26,1
CUST00986,238,39,6517,17316,328,37,1
CUST00987,225,41,7501,15851,831,74,0
CUST00988,116,11,7839,4026,807,52,0
CUST00989,90,11,9043,21050,812,71,0
CUST00990,287,46,4338,24027,786,52,1
CUST00991,125,27,4614,37846,656,21,1
CUST00992,200,22,6415,37811,587,47,0
CUST00993,72,15,2011,7442,845,69,0
CUST00994,158,32,8576,14613,603,58,1
CUST00995,193,37,7728,25817,653,26,0
CUST00996,228,1,6347,17084,416,31,1
CUST00997,192,28,3086,1764,710,70,1
CUST00998,132,49,3541,42362,750,78,0
CUST00999,351,14,4406,36698,673,64,0
CUST01000,187,14,6659,26243,574,24,0
